ชื่อกิจกรรม,AI for Business
คำโปรย 190 Text,พัฒนาผลงาน โดยเฉพาะเว็บไซต์ ด้วย AI สามารถนำไปใช้ได้จริงกับการศึกษาและธุรกิจ โดยเฉพาะการนำเสนอสินค้าด้วยเทคนิค AI ล้ำๆ ใช้งบฯ น้อยแต่ได้ผลงานระดับมืออาชีพ
ประเภทกิจกรรม,พัฒนาทักษะ/เวิร์กชอป
วันที่เริ่มต้น,20 Jun
วันที่สิ้นสุด,20 Jun
ข้อมูลเพิ่มเติมสำหรับวันที่สอน,เสาร์
วันที่รับสมัครวันสุดท้าย,19 June 2026
จำนวนที่รับ,100 คน
ค่าใช้จ่าย,190
คุณสมบัติผู้สมัคร,ผู้สนใจพัฒนาผลงานด้วย AI
คุณสมบัติเพิ่มเติม,ให้เกียรติบัตรสำหรับผู้เข้านำเสนอผลงาน พร้อมรางวัลมากมาย
ลิงค์ใบสมัคร,https://hamsterhub.co/aibusiness
คำอธิบายกิจกรรม,"พัฒนาเว็บไซต์ ด้วย AI เหมาะกับผู้สนใจทั้งนักเรียน นักศึกษา และนักธุรกิจ เพื่อพัฒนาเว็บที่ใช้ประโยชน์ได้จริงทางธุรกิจ 
และได้ฝึกทำจริงผ่าน Workshop การสร้าง Dynamic Website ด้วยเทคนิคล่าสุด
และได้ประสบการณ์จากผู้เชี่ยวชาญในการต่อยอดสู่การสร้างผลงานมูลค่าสูง แบบมืออาชีพ

How to do business with AI
14:00-14:20 Business Activity and Web Dev. Demonstration using AI
14:20-14:35 ร่วมฟัง Tallk จากผู้เชียวชาญที่ใช้ AI ในธุรกิจจริง

Workshop
14:35-15:00 ทำ Web แสดงสินค้าด้วย AI 
15:00-16:00 สอนให้รู้จักการใช้งาน AI ขั้นสูงพร้อมอธิบายวิธีการที่ง่าย และได้ผลดีที่สุด
16:00-16:20 นำเสนอผลงานจริง หลังจากได้รู้กระบวนการที่จำเป็น

Summary
16:20-16:40  ผู้เชี่ยวชาญ inspire ให้นำ AI สู่ธุรกิจ
16:40 -17:00 สรุปกิจกรรม
17:00 ประกาศรางวัลผลงานที่น่าสนใจ "