ชื่อกิจกรรม,NSC Software Project 2026
คำโปรย 190 Text,"ไม่ยากเกินไปที่จะคว้ารางวัล🏆NSC ถ้ามี concept ที่แตกต่าง
มีเทคนิคการสร้างผลงานที่น่าสนใจ
กับการนำเสนอที่โชว์พลังแห่งความสร้างสรรค์
ไม่ต้องนานก็เอาชนะเพื่อนได้ทั้งประเทศ"
ประเภทกิจกรรม,"แนะแนวคณะ/เรียนต่อ, สนามสอบจำลอง/Sim Test/Mockup Exam, พัฒนาทักษะ/เวิร์กชอป"
วันที่เริ่มต้น,31 Mar
วันที่สิ้นสุด,31 Jul
ข้อมูลเพิ่มเติมสำหรับวันที่สอน,"อังคาร, ศุกร์"
วันที่รับสมัครวันสุดท้าย,30 Mar
จำนวนที่รับ,30 คน
ค่าใช้จ่าย,9990 บาท
คุณสมบัติผู้สมัคร,"ประถม, มัธยม และสายอาชีพ"
คุณสมบัติเพิ่มเติม,ให้เกียรติบัตรสำหรับผู้เข้านำเสนอผลงาน พร้อมรางวัลมากมาย
ลิงค์ใบสมัคร,https://hamsterhub.co/nsc
คำอธิบายกิจกรรม,"🚀 กระบวนการพัฒนา Software Project
🔥 ฝึกสร้างความแตกต่าง ✨ เหนือชั้น เพื่อวาง Concept
ผนวกเข้ากับประสบการณ์ออกแบบ 🎨
ส่งมอบโครงการซอฟต์แวร์ขนาดใหญ่ให้บริษัทชั้นนำหลายแห่ง 🏢
ต่อยอดจากผลงานระดับโลก 🌍 Simplify จนเหลือกระบวนการที่ง่าย
แล้วพัฒนาโครงการให้น้องๆ 👩‍💻👨‍💻 จนได้ผลดี 🎯
สู่ความเป็นมืออาชีพและรางวัลมากมายจากรายการต่างๆ 🏆

🎮 เริ่มด้วยความสนุก ออกแบบเป้าหมายร่วมกัน 🏗️ พัฒนาเส้นทางสู่การ
ยกระดับผลงานสู่ระดับ Pro 🚀 ด้วยการคุมคุณภาพทุกขั้นตอน 📊
แล้วนำไปใช้ประโยชน์ได้จริง ✅

🔹 Conceptual Design 🎨
ออกแบบแนวคิดที่แตกต่าง หรือมีประโยชน์ชัดเจน 💡
นำไปสู่ชัยชนะร่วมกับผู้เชี่ยวชาญ 🏆

🔹 Personal Coach 👨‍🏫
เจาะลึกถึงจุดอ่อนและจุดแข็งของทีมงานทุกคน 🏋️‍♂️
และปรับแนวการพัฒนาให้เข้ากับศักยภาพ

🔹 Prototype 🛠️
สร้างต้นแบบเพื่อเก็บประสบการณ์การใช้งานและความคิดเห็นในกลุ่มผู้ทดสอบ 🧐

🔹 Simulation 🎭
จำลองสถานการณ์ให้เหมือนจริง ก่อนจะลงพื้นที่ทดสอบจริง 🚀

🔹 UX/UI Design 🎨
ออกแบบประสบการณ์ที่ดีที่สุด เพื่อให้ประทับใจผู้ใช้งาน 💖

🔹 เลือกเทคโนโลยีที่เหมาะกับตัวผลงาน 🖥️
เพื่อความเร็วในการพัฒนา ⚡ และคุณภาพผลงานที่ดีที่สุด 🏗️

🔹 เข้าร่วมการแข่งโชว์ผลงานให้โลกรู้ 🌍
ในรายการระดับประเทศ เช่น NSC, YSC, Thailand Game Show, Global Game
Jam, The New Gen และอื่นๆ 🎤🏆

🔹 Agile Techniques 🔄
พัฒนาแบบค่อยๆ ทีละส่วนและเก็บรายละเอียดแบบมืออาชีพ 🎯

🔹 พัฒนาผลงานแล้วนำขึ้น Store 🏪
เก็บรายละเอียดจนสมบูรณ์ 📦 เข้าถึงผู้คนทั้งโลก 🌎 และอาจสร้างรายได้ 💰

🎁 สิ่งที่ได้รับ

👨‍🏫 ฝึกกับผู้เชี่ยวชาญ
🚀 ฝึกกับทีมงานผู้ปั้นน้องๆ ที่ได้เข้ารอบชิง 7 ผลงาน ใน NSC-2024

📂 ผลงาน เข้ารอบ Portfolio
ผลงานที่มั่นใจเข้ารอบ Port 🎓 + ฝีมือระดับน้องๆ วิศวะคอมฯ

🏆 เข้าแข่งขันรายการระดับประเทศ
เข้าร่วมแข่งขันรายการที่เลือกสรร 🎤 up ประสบการณ์เทพๆ

🎉 ฝึกทำงานเป็นทีม
ฝึกทำงานเป็นทีม 🤝 ได้แก้ปัญหาพร้อมเพื่อนๆ 👩‍💻👨‍💻

🌟 ทักษะสำคัญ
ทักษะสำคัญในโลกเทคโนโลยี 🖥️ ที่ทำให้น้องได้เปรียบ 🚀

📅 Timeline
แผนการตั้งแต่พื้นฐานที่จำเป็น สร้างความแตกต่างสู่ผลงานสุดยอดของประเทศ
🏆 พร้อมโปรแกรมการแข่งขันที่น่าสนใจ
📌 Month 1 : พัฒนาผลงาน และ Proof of Concept with AI
    ✏️ Conceptual Design
    💡 Inspiration
    📖 Storytelling
    🎮 Gameplay & Mechanic Design
    🌟 Demo Idea

📌 Month 2 : ทำทีม และสร้างผลงานจนมั่นใจ
    🤝 Teamwork
    📋 Storyboard
    🎤 Presentation
    📄 Proposal

📌 Month 3 : เก็บรายละเอียด และทดสอบกับผู้ใช้จริง
    🗓️ Planning
    👥 Roles & Management
    💻 Basic Unity
    ⌨️ Basic C#
    🧊 Blender > Modeling, Animation
    🧪 Testing

📌 Month 4 : MVP และวางแผนเชิงธุรกิจ
    💻 Advanced C#
    🖼️ Advanced Graphics
    ⚙️ Optimization
    🎤 Presentation
    📊 Business Model"