ชื่อกิจกรรม,Python x Hunter Camp
คำโปรย 190 Text,🏆 จัดเต็ม 8 วัน! ภารกิจสุดแสบ อัพพลังสุดโหด ล่ารางวัลทั่วประเทศ 🌟มาสนุกกับ Python ในค่ายนี้ ด้วยภารกิจท้าทาย กิจกรรมสนุกตลอดค่าย และมีพี่ใส่ใจดูแลน้องๆ ตลอดเวลา🌟
ประเภทกิจกรรม,"แนะแนวคณะ/เรียนต่อ, สนามสอบจำลอง/Sim Test/Mockup Exam, พัฒนาทักษะ/เวิร์กชอป"
วันที่เริ่มต้น,27 ก.พ.
วันที่สิ้นสุด,6 มี.ค.
ข้อมูลเพิ่มเติมสำหรับวันที่สอน,19:00-21:00
วันที่รับสมัครวันสุดท้าย,26 ก.พ.
จำนวนที่รับ,100 คน
ค่าใช้จ่าย,490 บาท
คุณสมบัติผู้สมัคร,ผู้สนใจเรียนรู้การเขียนโปรแกรมเบื้องต้น
คุณสมบัติเพิ่มเติม,มีคอมพิวเตอร์
ลิงค์ใบสมัคร,https://hamsterhub.co/hunter
คำอธิบายกิจกรรม,"🤔 ทำไมคนเขียน Python เก่งเงินเดือนเยอะ!? 
7 อาชีพสาย Tech ที่ AI ยังแทนไม่ได้ในปี 2026 ได้แก่
- AI Engineer 
- Network Engineer
- Cyber Security 
- Cloud Engineer 
- Data Engineer 
- Full Stack 
- Dev DevOps SRE
กว่าครึ่งต้องเชี่ยว Python❓ทำไม❓ทำไม

Python เป็นภาษาอันดับ 1 ของโลกที่ไม่ได้เป็นแค่ภาษา
> แต่มันคือ ""วิธีการคิด""
>> คนที่เก่ง Python ไม่ได้แค่เขียนโค้ดได้
>>> คิดเป็น แก้ปัญหาเป็น และต่อยอดได้ไวกว่า

ที่สำคัญ!! โคตรสนุก🎃
🌟 ค่ายนี้จะพาน้องๆไปเรียนรู้การเขียนโปรแกรมภาษา Python ด้วยเกม มีกิจกรรมสนุกๆตลอดค่าย และพี่ๆ มากประสบการณ์คอยฝึกน้องตลอดเวลา 🌟

🔥 ภายใน 8 วันนี้ ไม่ใช่แค่เขียนโปรแกรมตามโจทย์
แต่น้องๆ จะได้ฝึกแก้ปัญหาผ่าน Quest และ ""เกม""
ทำภารกิจ → ได้ของ → อัปเกรด
แถมได้ Reward เอาไว้ ขิงเพื่อนๆ หลายพันคน!! 😎

🎯 เรียนแล้วได้อะไร
เข้าใจวิธีคิดและสนุกไปกับการเขียนโปรแกรม
กล้าคิด กล้าลอง กล้าพลาด
เรียนรู้และต่อยอดเนื้อหาอื่นๆ ได้ด้วยตัวเอง
ฝึกแก้ไขปัญหา พร้อมเพื่อนรู้ใจ จนไปถึงเป้าหมายของตัวเอง

ภารกิจสุดตึง?
⚔️ ติดอาวุธให้เครื่องมือทรงพลังแห่ง Programming ทั้ง 4 ชนิด
1. ตัวแปร (variable)
2. การคำนวณ (operation)
3. ตรรกะ (logic)
4. ทำซ้ำ (loop)

Day 1 : Start the Adventure 💡
- เริ่มต้นการเรียนรู้ ทำความเข้าใจระบบการสอน และฝึกทักษะใหม่ๆเพียบ
- Ice Breaking : สนิทกันก่อน สร้างบรรยากาศด้วยกัน
- Self Learning : เทคนิคการเรียนรู้ด้วยตัวเอง ทักษะสำคัญในปัจจุบัน
- Adventure Game : สนุกกับการพจญภัยในโลกโปรแกรมมิ่งด้วยภารกิจในเกม

Day 2 - 7 : Challenged Quests 🔮
- สนุกไปกับภารกิจท้าทายในเกม ได้ Reward มาอัพเกรดตัวละครให้เก่งขึ้น
- มีกิจกรรมเสริมตลอดช่วงเวลาเรียน สนิทกันเร็วแบบทำคนไม่พูด ให้พูดไม่หยุด 55

Day 8 : Boss Day 👑
- ได้เวลาเอาสิ่งที่ฝึกกันมาทั้งสัปดาห์ ไปตบ Boss จริง สุดโหด
- แต่น้องก็ทำได้ เอาจริง.. แถมยังมีกิจกรรมให้ลุ้นรางวัลสุดพิเศษด้วย

แล้วสิ่งที่ได้สนุกผ่านไปอย่างไว พร้อมฝีมือที่เพิ่มขึ้นอย่างมาก
ได้เวลาที่จะมุ่งสู่การเอา Python ไปใช้สร้างโปรแกรมที่ใช้ได้จริง แถมทำเงินได้ด้วย💰"